passenger_id,name,gender,age_group,registration_date,city
1,John Turner,Male,Adult,2023-07-03,Allisonshire
2,Cheryl Arnold,Other,Adult,2024-05-27,North Michael
3,Sherry Williams,Female,Adult,2022-02-06,West Kathrynstad
4,Michelle Alvarez,Male,Adult,2024-10-31,Allisonshire
5,Natasha Wells,Male,Senior,2023-01-26,North Timothy
6,Colin Silva,Other,Adult,2024-09-11,Adammouth
7,Cody Garcia,Male,Child,2023-01-15,Allisonshire
8,Derrick Thompson,Male,Teen,2024-12-12,New Matthew
9,Allison Trujillo,Male,Teen,2024-11-22,Allisonshire
10,Kevin Hart,Female,Adult,2023-03-30,Hallbury
11,Patrick Sawyer,Male,Adult,2025-10-06,North Timothy
12,Stephanie Tanner,Female,Child,2024-05-20,Mollyside
13,Kara Hanson,Other,Senior,2023-09-06,New Matthew
14,Katherine Herring,Male,Senior,2024-12-13,Murphyville
15,Steven Thompson,Other,Adult,2022-12-27,West Kathrynstad
16,Christopher Harvey,Other,Child,2024-12-16,Barneschester
17,David Robinson,Female,Adult,2025-05-30,Mollyside
18,David Miller,Male,Child,2024-10-27,New Matthew
19,Mathew Mann,Male,Senior,2022-11-05,West Susan
20,Michael Lawson,Male,Adult,2022-09-22,Markbury
21,Tyler Johnson,Female,Adult,2025-01-23,West Susan
22,Audrey Bates,Male,Adult,2023-04-17,South Michael
23,Jason Schneider,Other,Child,2022-09-24,Port Sandraside
24,Beth Espinoza,Other,Adult,2025-04-13,North Michael
25,Samuel Brown,Male,Adult,2025-04-14,Port Michael
26,Angela Thompson,Other,Adult,2024-01-27,Susanmouth
27,Ann Reed,Male,Adult,2023-11-10,Markbury
28,Megan Martinez,Female,Senior,2025-05-27,Port Michael
29,Morgan Smith,Female,Senior,2025-10-13,Port Michael
30,Robert King,Male,Senior,2021-12-18,Hallbury
31,Justin White,Male,Adult,2024-01-17,Port Michael
32,Tammy Mack,Female,Teen,2023-10-21,Hallbury
33,Nicholas Martinez,Female,Teen,2022-09-16,Markbury
34,Erin Turner,Male,Child,2023-12-05,Mollyside
35,Suzanne Roberts,Other,Teen,2021-11-18,Allisonshire
36,Daniel Howell,Male,Adult,2023-08-14,
37,Joseph Brooks,Male,Adult,2024-06-28,Port Sandraside
38,Shane Marquez,Other,Teen,2023-09-26,Mollyside
39,Jillian Martinez,Female,Teen,2023-12-30,West Kathrynstad
40,Mr. Dean Avila,Other,Teen,2023-12-31,New Matthew
41,Dr. Nicole Estrada DVM,Female,Senior,2022-12-01,Allisonshire
42,Anthony Foster,Male,Adult,2025-03-07,New Brookefort
43,Kayla Kim,Male,Child,2022-10-27,New Matthew
44,Danielle Jones,Female,Senior,2022-09-05,New Brookefort
45,Kendra Rubio,Male,Senior,2025-07-05,Bryanmouth
46,Eric Waller,Other,Adult,2023-03-18,Allisonshire
47,Jasmine Ramirez,,Child,2024-08-15,Hallbury
48,Joseph Curtis,Female,Child,2025-08-10,Mollyside
49,John Cain,Male,Adult,2022-09-25,Bryanmouth
50,Angel Pittman,Other,Adult,2025-03-04,West Kathrynstad
51,Mandy Williamson,Female,Teen,2024-02-14,North Michael
52,Jessica Trujillo,Other,Adult,2025-06-23,Barneschester
53,Amy Kim MD,Other,Adult,2025-04-19,Kurttown
54,Joel Turner,Other,Child,2024-05-23,North Michael
55,Lacey Clark,Male,Child,2024-10-12,Mollyside
56,Joshua Martin Jr.,Male,Senior,2023-11-13,West Susan
57,Christina Elliott,Female,Adult,2022-08-02,Murphyville
58,Sonya Johnson,Male,Adult,2023-06-25,Susanmouth
59,Jasmine Williams,Other,Adult,2025-11-04,Allisonshire
60,Anthony Kennedy,Female,Adult,2025-09-11,North Michael
61,Thomas Evans,Female,Child,2023-08-13,Port Sandraside
62,Troy Douglas,Other,Adult,2022-06-11,Mollyside
63,Elizabeth Herrera,Female,Child,2022-09-07,Markbury
64,Richard Nelson,Male,Senior,2024-01-04,Mollyside
65,Michael Allen,Other,Child,2024-02-15,Adammouth
66,Phillip Perkins,Other,Teen,2025-01-17,Port Sandraside
67,Lisa Berry,Female,Child,2025-05-22,Markbury
68,Eric Maddox,,Adult,2022-05-13,Burnettburgh
69,Michelle Schroeder,Male,Teen,2025-08-05,
70,Julie Chen,Other,Teen,2024-02-29,Port Michael
71,April Black MD,Other,Teen,2022-08-05,Hallbury
72,Gregory Klein,Female,Senior,2022-05-23,Port Michael
73,Rebekah Myers,Male,Adult,2024-07-11,Port Sandraside
74,Derek Cline,Other,Adult,2025-06-12,Bryanmouth
75,Jeffrey Richard,Female,Adult,2022-08-05,Barneschester
76,Richard Knapp,Female,Adult,2024-09-08,Markbury
77,Carrie Fowler,Male,Adult,2025-11-03,Susanmouth
78,Abigail Scott,Other,Senior,2022-08-01,Susanmouth
79,Wanda Chavez,Male,Adult,2022-01-08,West Susan
80,Ruth Anderson,Female,Adult,2022-10-25,New Brookefort
81,Andrea Ayala,Female,Adult,2022-03-25,Susanmouth
82,Kevin Barber,Male,Adult,2022-02-05,Adammouth
83,Todd Collier,Other,Adult,2022-07-18,Murphyville
84,Abigail Nelson,Other,Teen,2023-12-16,North Timothy
85,Susan Lam,Male,Senior,2025-06-03,Markbury
86,Mary Moss,Female,Senior,2025-07-09,Allisonshire
87,Mr. Steven Hardy,Female,Adult,2023-10-16,
88,Ronald Hobbs,Other,Adult,2023-06-26,Hallbury
89,Kevin Doyle,Other,Adult,2023-04-29,Allisonshire
90,Max Palmer,Male,Adult,2025-11-11,
91,Michael Peters,Other,Teen,2024-08-28,Kurttown
92,Aaron Joseph,Male,Adult,2025-06-22,
93,Erik Young,Male,Adult,2023-01-13,Burnettburgh
94,Richard Baker,Other,Adult,2023-05-23,Markbury
95,Shannon Pruitt,Male,Adult,2025-02-12,West Kathrynstad
96,Molly Jimenez,Other,Teen,2022-05-22,Kurttown
97,Brittany Hall,Other,Adult,2023-05-24,Port Sandraside
98,Jeremy Bush,Female,Adult,2025-02-01,Adammouth
99,Elizabeth Molina,Other,Senior,2024-05-07,New Brookefort
100,Kenneth Chen,Male,Adult,2024-11-26,Allisonshire
101,Michael Gray,Other,Adult,2022-11-03,South Michael
102,Jessica Johnson,Female,Adult,2024-09-11,Markbury
103,Travis Colon,Male,Teen,2022-03-16,Bryanmouth
104,Rachel Parsons,Female,Adult,2022-11-16,West Susan
105,Suzanne Jones,Female,Adult,2024-04-13,West Susan
106,Jeremy Brock,Male,Child,2025-01-03,North Timothy
107,Sierra Schneider,Male,Senior,2022-04-29,Kurttown
108,Johnny Yates,Male,Adult,2022-10-08,Bryanmouth
109,Thomas Jenkins,,Adult,2022-07-28,Barneschester
110,John Shields,Female,Adult,2025-03-25,New Brookefort
111,Ashley Taylor,Other,Teen,2025-08-07,
112,Marissa Castillo,Female,Adult,2024-06-06,
113,Ivan Padilla,Other,Senior,2025-07-21,West Kathrynstad
114,Kyle Elliott,Other,Child,2025-06-01,
115,Kristine Young,Female,Adult,2022-04-01,Barneschester
116,Deborah Ross,Male,Adult,2022-10-25,Kurttown
117,Joseph Adkins,Female,Adult,2024-08-03,North Michael
118,Faith Johnson,Male,Child,2025-02-04,North Timothy
119,Katelyn Franco,Other,Adult,2024-03-03,Markbury
120,Rhonda Barrett,Female,Adult,2024-01-14,New Brookefort
121,Rodney Cox,Male,Adult,2022-08-05,South Michael
122,Dr. Dawn Fields DDS,Female,Adult,2024-02-18,Burnettburgh
123,Richard Morales,Female,Adult,2025-01-13,Markbury
124,Nicole Rose,Male,Senior,2023-06-22,Markbury
125,Jose Cook,Male,Adult,2024-12-17,Mollyside
126,Dennis Singh,Female,Teen,2024-07-23,Hallbury
127,Thomas Jones,Other,Child,2023-02-02,Bryanmouth
128,Christina Vazquez,Male,Child,2023-12-13,Bryanmouth
129,Francisco Miller,Male,Senior,2023-05-09,West Susan
130,Gregory Ingram,Male,Child,2022-10-27,Burnettburgh
131,Samuel Kim,Male,Adult,2023-02-20,
132,Stephanie Hamilton,Other,Senior,2025-04-18,North Timothy
133,Savannah Miller,,Adult,2023-04-09,Kurttown
134,Virginia Black,Female,Teen,2023-11-23,Port Sandraside
135,Dr. Christopher Gonzalez PhD,,Senior,2022-11-07,Port Sandraside
136,Donald Stewart,Other,Adult,2023-08-06,Susanmouth
137,Mark Scott,Female,Adult,2022-06-22,North Timothy
138,David Rogers,Male,Adult,2023-11-02,Murphyville
139,Brianna Francis,Female,Adult,2023-01-17,West Susan
140,Kevin Estrada,Female,Adult,2022-02-26,West Kathrynstad
141,John Salinas,Other,Adult,2025-10-07,Markbury
142,Benjamin Kennedy,Other,Senior,2024-08-05,West Kathrynstad
143,Kristen Bridges,Female,Adult,2022-11-30,North Timothy
144,Elizabeth Herrera,Male,Teen,2025-08-13,New Brookefort
145,William Hill,Other,Adult,2023-12-02,Barneschester
146,Mary Vega,Other,Teen,2024-04-27,Mollyside
147,Donald Moyer,Female,Adult,2023-04-25,Susanmouth
148,Maria Garza,Male,Teen,2022-01-29,West Kathrynstad
149,Chris Williams,Female,Adult,2024-09-10,
150,Hannah Patel,Male,Child,2023-07-10,Mollyside
151,Michael Clay,Female,Adult,2024-05-23,Susanmouth
152,Susan Smith,Male,Senior,2024-03-05,Kurttown
153,Denise Cherry,Female,Adult,2022-11-18,Murphyville
154,Jessica Keith,Female,Adult,2022-09-06,New Brookefort
155,David Lucas,Female,Teen,2022-09-16,New Brookefort
156,Kevin Fowler,Female,Adult,2023-12-29,North Timothy
157,Gloria Hoffman,Female,Senior,2022-04-04,North Michael
158,Karen Roman,Other,Adult,2023-02-22,Barneschester
159,Alexander Cochran,Female,Teen,2025-07-06,South Michael
160,Kelly Aguilar,Male,Teen,2023-05-29,Adammouth
161,Natasha Jackson,Other,Child,2024-09-23,Murphyville
162,William Miller,Male,Adult,2023-05-23,North Michael
163,Allen Ayala,Other,Child,2024-05-20,New Brookefort
164,Timothy Holden,Male,Adult,2025-04-08,New Brookefort
165,Curtis Schaefer,Other,Adult,2022-05-09,Bryanmouth
166,Peggy Clark,Other,Adult,2024-03-19,West Kathrynstad
167,Jonathan Bowers,Female,Teen,2024-01-14,Hallbury
168,Vicki Cherry,Female,Child,2022-04-23,
169,Steven Barnett,Other,Adult,2025-09-14,North Michael
170,Jason Holland,Other,Teen,2023-02-16,Adammouth
171,Brian Robinson,Female,Adult,2022-01-22,New Brookefort
172,Thomas Mitchell,Other,Adult,2024-01-13,Burnettburgh
173,Anthony Medina DDS,Other,Senior,2024-05-28,Kurttown
174,Jose Rivera,,Teen,2025-03-31,Barneschester
175,Kevin Goodman,Male,Senior,2024-02-24,South Michael
176,Lori White,,Adult,2022-12-10,Barneschester
177,Lisa Watson,,Adult,2025-09-05,Hallbury
178,Glen Turner,Other,Teen,2022-09-08,Murphyville
179,Joseph Powell,Other,Adult,2025-04-27,West Kathrynstad
180,Steven Dunn,Male,Adult,2024-01-28,North Michael
181,Jeffrey Tucker,Male,Senior,2024-10-15,Barneschester
182,Dwayne Green,Female,Adult,2024-12-09,Barneschester
183,Donna Johnson,Female,Teen,2022-12-25,West Susan
184,Brian Wilson,Female,Adult,2023-09-14,Adammouth
185,John Roberts,Female,Adult,2025-10-02,North Michael
186,Terrance Walker,Other,Adult,2023-05-08,North Michael
187,Christopher Olson,Other,Adult,2024-07-12,Murphyville
188,Andres Warren,Male,Senior,2024-10-05,Burnettburgh
189,Benjamin Wheeler,Male,Adult,2024-10-05,Hallbury
190,Frank Webb,Other,Teen,2024-10-21,Markbury
191,Brittany Massey,Other,Adult,2023-10-18,Markbury
192,Sharon Browning,Other,Child,2023-11-22,West Kathrynstad
193,Jacob Jenkins,Male,Teen,2022-02-09,Allisonshire
194,Gary Campbell,Male,Adult,2025-08-13,North Timothy
195,Robin Green,Female,Senior,2024-04-03,Susanmouth
196,Anne Lucas,Male,Adult,2025-05-26,New Brookefort
197,Adam Alexander,Female,Adult,2024-10-22,New Matthew
198,Mark Graham,,Senior,2023-03-08,Port Sandraside
199,Anna Newman,Female,Adult,2023-05-12,
200,Dawn Mora,Female,Child,2025-03-04,Murphyville
201,Dale Jackson,Other,Child,2023-08-29,South Michael
202,Christopher Mendoza,Female,Adult,2021-12-12,West Susan
203,Carol Smith,Female,Child,2021-12-25,West Susan
204,Gary Lopez,Other,Adult,2025-05-11,Susanmouth
205,John Lee,Other,Teen,2023-05-01,Burnettburgh
206,Joanna Daugherty,Other,Teen,2024-09-23,West Kathrynstad
207,Timothy Miller,Female,Child,2023-06-09,Bryanmouth
208,Blake Nguyen,Other,Child,2023-12-02,Hallbury
209,Kara Livingston,Other,Adult,2025-11-03,Port Sandraside
210,Scott Goodman,Male,Adult,2023-09-10,North Timothy
211,Margaret Carter,Other,Senior,2025-03-02,West Susan
212,Melissa Reyes,Other,Teen,2022-06-08,Murphyville
213,Linda Jackson,Male,Adult,2023-10-28,Mollyside
214,Vincent Rowland,Male,Adult,2025-01-17,West Kathrynstad
215,Felicia Rogers,Male,Adult,2023-11-29,West Kathrynstad
216,Jessica Morgan,Other,Adult,2022-10-20,Bryanmouth
217,Todd Morris,Other,Adult,2023-07-09,Kurttown
218,Christopher Nichols,Other,Child,2021-12-10,Adammouth
219,Madison White,Other,Senior,2022-10-24,Allisonshire
220,Kathleen Tyler,Male,Adult,2023-05-24,Susanmouth
221,Christopher Soto,Female,Adult,2025-07-15,Port Sandraside
222,Breanna Willis,Male,Adult,2022-01-02,Port Michael
223,Xavier Cunningham,Female,Teen,2023-09-06,Bryanmouth
224,Melanie Baker,Male,Teen,2022-11-08,Markbury
225,Darren Kelley,Female,Adult,2022-08-30,Markbury
226,Sarah Boone,Male,Adult,2024-06-22,Bryanmouth
227,Brandi Hill,Other,Adult,2025-08-20,Port Michael
228,George Santiago,Other,Adult,2022-09-21,Kurttown
229,Cindy Young,Other,Adult,2024-07-05,Barneschester
230,Jacob Lynch,Female,Adult,2024-01-01,Hallbury
231,Bradley Sanders,Female,Adult,2023-08-27,South Michael
232,Megan Snow,Male,Adult,2025-05-19,Adammouth
233,James Pena,Other,Senior,2024-09-09,Markbury
234,Andrea Osborne,Female,Adult,2023-07-26,
235,Jessica Wilson,Female,Child,2024-09-03,Port Sandraside
236,Jordan Walker,Male,Adult,2023-01-03,Burnettburgh
237,Keith Russo,Other,Teen,2025-09-13,West Susan
238,Ryan Castillo,Other,Adult,2024-12-11,Murphyville
239,Alejandra Little,Male,Adult,2024-12-12,North Timothy
240,Kevin Perez,Female,Child,2023-01-11,New Matthew
241,Jacqueline Simpson,Female,Child,2024-05-10,Barneschester
242,Michelle Woods,Other,Adult,2022-01-11,
243,Nathan Jones,Male,Adult,2023-01-24,Adammouth
244,Daniel Mercer,Female,Teen,2023-07-30,North Timothy
245,Patricia Griffin,Male,Adult,2023-11-12,Bryanmouth
246,Dr. Marie Pittman,Female,Adult,2023-02-07,Barneschester
247,Roberto Chandler,Female,Teen,2023-01-10,Kurttown
248,Christina Robinson,Other,Adult,2024-11-01,Allisonshire
249,Cody Keith,Male,Adult,2024-08-03,South Michael
250,Marco Figueroa,Female,Teen,2023-11-02,Allisonshire
251,Jennifer Cook,Female,Adult,2021-12-06,Susanmouth
252,Lori Williams,Male,Child,2024-12-06,Kurttown
253,Robert Allen,Male,Adult,2022-09-25,Burnettburgh
254,Kimberly Floyd,Other,Adult,2024-09-01,
255,Chelsea Camacho,Male,Adult,2023-01-04,Adammouth
256,Michelle Evans,Male,Senior,2024-04-07,North Timothy
257,Abigail Powers,Male,Senior,2023-11-14,Barneschester
258,Nicholas Howard,Female,Adult,2025-06-27,New Matthew
259,Justin Martin,Other,Adult,2022-04-01,Susanmouth
260,Frank Castaneda,Other,Adult,2025-02-11,Port Michael
261,Jason West,Female,Teen,2025-05-07,North Michael
262,Alicia Rodriguez,Male,Adult,2025-03-14,Port Sandraside
263,Rachel Chen,Female,Adult,2023-06-10,Mollyside
264,Savannah Davidson,Female,Adult,2023-01-11,Markbury
265,Lisa Lee,Other,Adult,2023-03-08,West Kathrynstad
266,Dr. Danielle Shepherd,Female,Senior,2022-10-18,Susanmouth
267,Keith Newman,Female,Adult,2023-08-26,New Matthew
268,Rachel Blankenship,Female,Senior,2025-06-20,Murphyville
269,Edward Camacho,Other,Adult,2022-08-22,Burnettburgh
270,Michael Mcpherson,Other,Adult,2023-12-24,Barneschester
271,Kayla Ramirez,Other,Child,2023-05-24,West Susan
272,Tiffany Young,Female,Child,2022-06-20,New Brookefort
273,Wayne Holloway,Female,Teen,2024-07-28,Allisonshire
274,Kyle Brown,Male,Senior,2022-03-19,South Michael
275,Catherine Smith,Male,Adult,2025-04-14,Hallbury
276,Elizabeth Rose,Male,Adult,2024-07-24,Adammouth
277,Scott Lucas,Male,Adult,2023-08-20,
278,Richard Orozco,Other,Adult,2023-09-04,New Brookefort
279,Anthony Hall,Other,Adult,2024-10-10,Port Michael
280,James Case,Male,Senior,2024-10-24,Murphyville
281,Kathleen Blackburn,Male,Teen,2023-01-17,Port Sandraside
282,John Smith,Other,Adult,2025-03-18,West Susan
283,Jesus Payne,,Teen,2022-05-15,Hallbury
284,Monica Williams,Female,Adult,2025-01-06,Barneschester
285,Jorge Murphy,Other,Adult,2023-12-30,Adammouth
286,Teresa Griffith,Other,Adult,2024-02-28,Bryanmouth
287,Jessica Taylor,Male,Senior,2021-12-01,Bryanmouth
288,Anna Moore,Other,Child,2025-09-19,Mollyside
289,Jordan Mcconnell,Other,Adult,2024-06-30,North Timothy
290,Daniel Hogan,Female,Teen,2021-11-27,Burnettburgh
291,Courtney Mclean,Male,Adult,2024-01-31,Mollyside
292,Amber Mendoza,Female,Adult,2021-11-30,Port Michael
293,Melissa Lee,Other,Adult,2022-04-27,Port Sandraside
294,Shawn Marshall,Other,Adult,2022-09-30,Burnettburgh
295,Gary Hernandez,Other,Adult,2023-03-17,Kurttown
296,Patricia Martinez,Other,Senior,2025-10-13,Mollyside
297,Michael Valenzuela,Male,Senior,2023-04-01,Port Michael
298,Joyce Foster,Male,Child,2023-05-02,Port Michael
299,Michelle Munoz,,Senior,2023-05-19,Burnettburgh
300,Kristina Patterson,Male,Adult,2025-04-30,Adammouth
301,Johnny Willis,Female,Adult,2023-02-15,West Susan
302,Derek Jackson,Other,Adult,2022-01-21,Kurttown
303,Andrew Wheeler,Other,Adult,2022-09-05,Hallbury
304,Javier Mack,Male,Adult,2024-09-01,Port Michael
305,Colleen Williams,Other,Adult,2025-08-31,New Brookefort
306,Sara Robinson,Other,Teen,2023-08-05,Markbury
307,Eddie Davis,Male,Child,2023-09-21,New Brookefort
308,Charlotte Myers,Female,Child,2024-09-09,
309,Jeffrey Wood,Male,Adult,2022-12-18,
310,Douglas Huff,Female,Teen,2021-11-18,Murphyville
311,Raymond Carter,Other,Teen,2025-10-13,North Timothy
312,Sara Hernandez,Male,Adult,2022-08-21,Mollyside
313,Zachary Pitts,Female,Adult,2023-03-03,West Susan
314,Rachel Murphy,Female,Adult,2023-02-28,Bryanmouth
315,Amy Spencer,Other,Adult,2022-04-27,Allisonshire
316,Jacob Heath,Female,Teen,2022-09-13,Murphyville
317,Holly Hill,Female,Adult,2023-11-21,West Kathrynstad
318,Holly Wade,Male,Senior,2022-07-19,South Michael
319,Carl Hill,Other,Child,2023-03-06,North Michael
320,Janice Conley,Other,Adult,2024-06-17,Murphyville
321,Brian Hudson,,Senior,2022-01-14,Murphyville
322,Kevin Johnson,Other,Child,2022-10-16,Murphyville
323,Cynthia Mitchell DVM,Other,Teen,2022-06-10,North Michael
324,Sonya Gray,,Senior,2021-12-22,Allisonshire
325,Donald Miller,Other,Adult,2024-11-13,Burnettburgh
326,Brian Nunez,Female,Adult,2023-08-05,West Kathrynstad
327,Lauren Benjamin,Other,Adult,2025-04-24,South Michael
328,Joshua Lopez,Female,Adult,2025-03-03,Kurttown
329,Jason Rivera,Other,Teen,2024-03-21,Murphyville
330,Timothy Jackson,Female,Teen,2025-06-27,Hallbury
331,Sydney Williamson,Female,Adult,2021-12-05,Bryanmouth
332,Joshua Jackson,Female,Adult,2022-03-28,New Matthew
333,Jeffery Ward,Other,Child,2024-09-03,Markbury
334,Carol Reyes,Other,Adult,2023-02-21,Hallbury
335,Colin Mueller,Other,Adult,2024-05-15,Mollyside
336,Greg Johnson,Other,Adult,2023-07-15,Port Michael
337,Danielle Washington,Male,Child,2022-01-29,West Kathrynstad
338,Kathleen Whitehead,Female,Adult,2022-01-24,Port Sandraside
339,Derek Jensen,Male,Senior,2022-03-04,South Michael
340,Roger Watts,Male,Child,2023-09-15,Susanmouth
341,Thomas Romero,Other,Teen,2022-05-26,Kurttown
342,Karen Cooper,Male,Adult,2022-11-10,
343,Hunter Snyder,Female,Adult,2025-08-16,Susanmouth
344,Brooke Davis,Male,Teen,2024-03-29,Mollyside
345,Drew Lee,Male,Adult,2024-02-17,Burnettburgh
346,Jason Harvey,Male,Adult,2022-08-08,Adammouth
347,Raymond Mcguire,Male,Adult,2025-06-02,Allisonshire
348,Ashlee Carroll,Other,Senior,2022-04-10,North Michael
349,Jason Sanders,Female,Adult,2023-08-04,Burnettburgh
350,Destiny Mendoza,Female,Adult,2023-04-22,Markbury
351,Katie Alvarez,Female,Teen,2022-07-27,South Michael
352,William Wilcox,Other,Adult,2025-01-07,Hallbury
353,Blake Sullivan,Other,Adult,2023-01-04,Bryanmouth
354,Julie Blackburn,Female,Senior,2022-11-17,Port Michael
355,Juan Brown,Male,Teen,2022-12-06,Hallbury
356,Richard Flores,Female,Adult,2025-03-30,Murphyville
357,Timothy Drake,Female,Adult,2025-08-27,Allisonshire
358,Timothy Barnes,Male,Teen,2022-07-12,Port Michael
359,Jacqueline Gilmore,Female,Adult,2022-10-04,South Michael
360,Gail Smith,Other,Adult,2025-05-30,Barneschester
361,Adam Meyer,Male,Senior,2022-01-22,Markbury
362,Francisco Johnson,Female,Senior,2024-07-31,West Kathrynstad
363,Cynthia Sherman,Male,Senior,2023-09-02,Port Sandraside
364,Vanessa Warren,Male,Teen,2024-01-25,Markbury
365,John Anderson,Male,Senior,2023-01-15,North Michael
366,Brian Murray,Female,Adult,2025-04-23,Bryanmouth
367,Kevin Vazquez,Other,Child,2025-04-13,Barneschester
368,Clinton Avila,Other,Adult,2023-07-12,North Michael
369,Felicia Jimenez,,Adult,2023-11-17,
370,Robert Harper,Other,Child,2022-01-04,Bryanmouth
371,Andrew Armstrong,Other,Child,2023-11-18,Barneschester
372,Shelly Carr,Other,Adult,2023-10-14,Susanmouth
373,Michelle Roberts,Male,Child,2022-12-06,Port Sandraside
374,Darrell Davenport,Female,Adult,2023-05-06,South Michael
375,Willie Moore,Other,Child,2022-04-26,Markbury
376,Corey Carter,Other,Adult,2024-12-01,Port Sandraside
377,Denise Barnes,Male,Adult,2025-04-11,Mollyside
378,William Williams,Other,Teen,2024-05-30,Murphyville
379,Spencer Patton,Female,Teen,2023-06-03,Port Michael
380,Diane Wong,Male,Adult,2024-01-15,Markbury
381,Amy Caldwell,Other,Senior,2024-06-17,West Kathrynstad
382,Cameron Gamble,Female,Adult,2024-05-03,Barneschester
383,Valerie Roberts,Other,Senior,2023-01-04,Allisonshire
384,Samantha Phillips,Male,Teen,2022-12-14,North Timothy
385,Lynn Thomas,Male,Adult,2023-04-15,Port Michael
386,Kathryn Stephens,Male,Child,2023-09-22,West Kathrynstad
387,Lee Allen,Other,Adult,2025-03-31,Burnettburgh
388,John Garcia,Female,Adult,2023-01-18,Susanmouth
389,Mary Castillo,,Teen,2023-04-23,Burnettburgh
390,Joanna Washington,Female,Teen,2022-05-07,North Michael
391,Logan Cortez,Other,Senior,2023-05-03,Bryanmouth
392,Michael Ward,Female,Child,2024-08-08,New Brookefort
393,Christopher Smith,Other,Adult,2023-07-17,New Matthew
394,Nancy Jackson,Other,Child,2025-11-05,Hallbury
395,Tammy Rodriguez,Male,Adult,2025-09-23,Hallbury
396,Jack Ochoa,Other,Senior,2022-07-04,Susanmouth
397,Raymond Carter,Male,Teen,2024-12-04,Mollyside
398,Douglas Arnold,,Senior,2024-07-17,West Kathrynstad
399,Cindy Robinson,Other,Child,2022-04-29,Barneschester
400,Katelyn Lopez,Male,Adult,2024-06-08,Murphyville
401,Teresa Irwin,Other,Teen,2022-10-25,Burnettburgh
402,Kimberly Johnson,Female,Adult,2022-04-21,Barneschester
403,Kimberly Pierce,Male,Teen,2025-04-26,Barneschester
404,Raymond Boyd,Other,Child,2024-09-26,Murphyville
405,Stephen Warner,Male,Adult,2023-06-17,Hallbury
406,Whitney Butler,Male,Child,2023-09-09,Port Sandraside
407,Cory Frazier,Other,Adult,2025-08-18,Barneschester
408,Daniel Campbell,Female,Adult,2022-05-12,Murphyville
409,James Barrett,Female,Adult,2025-03-13,Kurttown
410,Julia Le,Male,Adult,2023-02-26,New Brookefort
411,Victoria Taylor,Other,Adult,2023-02-25,North Michael
412,Jennifer Perry,Other,Senior,2024-02-21,West Susan
413,Patricia Glover,Female,Adult,2025-02-25,Adammouth
414,Walter Patrick,Male,Child,2024-02-07,West Susan
415,Shannon Roy,Other,Adult,2025-09-22,Markbury
416,Philip Cline,Other,Child,2023-04-16,New Brookefort
417,Patrick Howard,Male,Adult,2022-10-17,Mollyside
418,Lori Reed,Other,Senior,2024-04-11,Allisonshire
419,Kathryn Brewer,Female,Adult,2022-02-24,Allisonshire
420,Kayla Brown,Male,Adult,2025-01-11,Mollyside
421,Rachel Watson,Female,Child,2023-08-14,North Michael
422,Justin Nicholson,Other,Adult,2023-04-19,Murphyville
423,Jonathan Mack,Female,Child,2025-01-15,Burnettburgh
424,Joseph Rogers,Female,Adult,2024-04-30,Susanmouth
425,Michael Cunningham,Female,Child,2024-08-12,New Brookefort
426,Amanda Lewis,,Teen,2023-09-25,Hallbury
427,Lee Aguilar,Other,Senior,2025-10-16,Barneschester
428,Susan Richard,Other,Adult,2022-01-21,Murphyville
429,Ashley Miller,Other,Adult,2023-05-06,Murphyville
430,Erica Miller,Male,Child,2023-01-26,North Timothy
431,Paul Bell,Female,Adult,2023-07-24,New Brookefort
432,Steven Gilbert,Male,Child,2022-01-08,
433,Stephanie Clayton,Male,Adult,2023-10-28,Burnettburgh
434,Jason Martinez,Female,Adult,2022-08-11,West Susan
435,Tyler Brewer,Other,Adult,2022-04-23,Kurttown
436,Tara Vargas,Female,Adult,2024-03-14,Adammouth
437,Raymond Roberts,Other,Senior,2024-10-25,Markbury
438,Melissa Villarreal,Female,Adult,2025-07-18,North Timothy
439,Jonathan Carpenter,Male,Adult,2025-07-13,Bryanmouth
440,Jason Johnson DVM,Other,Adult,2023-11-12,Port Michael
441,Sara Poole,Female,Senior,2025-06-28,Barneschester
442,Jenny Mccann,Other,Child,2025-01-07,Kurttown
443,Deanna Johns,Other,Adult,2023-04-03,Mollyside
444,William Kerr,Other,Child,2024-09-13,North Timothy
445,Jaime French,Female,Adult,2023-04-14,West Kathrynstad
446,Bradley Flores,Female,Adult,2024-04-14,Burnettburgh
447,Ryan Moore,Female,Senior,2024-03-05,Port Sandraside
448,Ryan Parker,Female,Adult,2025-11-02,Adammouth
449,Amanda Nichols,Other,Child,2025-02-22,Adammouth
450,Dawn Archer,Female,Adult,2022-02-02,Adammouth
451,Jean Flores,Female,Senior,2022-07-06,Allisonshire
452,Mary Chambers,Female,Adult,2023-11-18,North Timothy
453,Brianna Miller,Other,Adult,2022-08-30,Murphyville
454,Becky Hester,Other,Adult,2024-12-22,West Susan
455,Christopher Simmons,Female,Senior,2023-06-03,Port Sandraside
456,Molly Perez,Other,Adult,2024-03-03,West Susan
457,Bryan Powers,Other,Adult,2025-11-13,Port Sandraside
458,Ashlee Gonzalez,Male,Child,2024-01-10,Hallbury
459,Anna Gonzalez,Other,Adult,2021-11-21,Susanmouth
460,Thomas Wade,Other,Adult,2025-10-14,North Michael
461,Patricia Daniels,Female,Adult,2023-10-10,Susanmouth
462,Julie Carter,Other,Child,2023-09-25,West Susan
463,Maxwell Campbell,Other,Teen,2022-06-08,Hallbury
464,Audrey Vazquez,Male,Senior,2022-11-06,Barneschester
465,Sarah Schneider,Male,Senior,2024-11-30,Barneschester
466,Jessica Smith,Male,Adult,2023-05-18,Mollyside
467,Paul Evans,Female,Adult,2024-07-23,Adammouth
468,Emily Bradford,Female,Senior,2024-10-11,
469,James Hicks,Female,Adult,2024-10-23,Barneschester
470,Jennifer Barker,Female,Adult,2023-09-23,Adammouth
471,Aaron Tucker,Female,Adult,2025-05-09,Hallbury
472,Kathy Jenkins,Other,Senior,2021-11-28,Port Sandraside
473,Christopher West,Other,Adult,2024-01-03,Susanmouth
474,Angel Terry,Other,Adult,2023-03-09,Burnettburgh
475,Steven Cunningham,Other,Senior,2022-05-03,New Brookefort
476,Terry Heath,Female,Adult,2023-12-02,West Kathrynstad
477,Kayla Hill,Female,Adult,2022-02-17,Kurttown
478,Monica Johnson,Female,Adult,2021-12-28,Allisonshire
479,Deborah Medina,Male,Adult,2025-05-31,Murphyville
480,Jasmin Perez,Female,Adult,2022-07-22,Kurttown
481,Brittany Woods,Male,Adult,2025-02-01,Kurttown
482,Natasha Washington,,Senior,2021-12-04,North Timothy
483,Joseph Harris,Female,Child,2025-03-11,Mollyside
484,Danny Flowers,,Adult,2022-09-14,West Susan
485,Shaun Flores,,Adult,2024-05-26,Barneschester
486,Suzanne Schwartz,,Adult,2025-02-17,Adammouth
487,Ana Cox,Other,Adult,2022-11-08,Burnettburgh
488,Andres Williams,Female,Adult,2024-08-21,Kurttown
489,Brooke Holloway,Male,Adult,2024-06-15,Port Sandraside
490,Stacey Johnson,Female,Adult,2022-03-20,Barneschester
491,Chelsea Rose,Female,Adult,2023-03-29,Burnettburgh
492,Steven Ray,Other,Adult,2021-12-05,Bryanmouth
493,Timothy Hood,Female,Adult,2022-06-12,North Michael
494,Cynthia Stevenson,Other,Adult,2025-03-06,Hallbury
495,Mark Kelly,Male,Senior,2023-05-15,New Brookefort
496,Patrick King,Male,Adult,2024-08-18,West Kathrynstad
497,Carlos Cooper,Male,Senior,2024-08-23,Bryanmouth
498,Jose Lamb,Male,Adult,2024-12-08,North Michael
499,Meagan Ward,,Teen,2021-12-10,South Michael
500,Brandon Williams,Male,Senior,2023-02-11,Port Sandraside
501,Rhonda Peterson,Female,Adult,2024-12-13,Bryanmouth
502,Anthony Fuentes,Other,Child,2023-03-31,Hallbury
503,Dr. Michelle Fox MD,Male,Adult,2023-01-10,West Susan
504,Molly Joseph,Other,Child,2023-01-03,Murphyville
505,Robert Adams,Male,Adult,2024-07-21,Murphyville
506,Wanda Obrien MD,Female,Adult,2024-03-29,
507,Norman Fowler,Other,Adult,2025-01-04,North Michael
508,Thomas Jones,Female,Adult,2023-02-01,Port Michael
509,Deborah Johnston,Female,Adult,2024-09-20,
510,Jessica Soto,Female,Adult,2023-02-07,Bryanmouth
511,Richard Booth,Female,Child,2025-10-27,Markbury
512,Sara Green,Other,Teen,2025-11-09,Port Michael
513,Ms. Vanessa Keith DDS,Male,Teen,2025-11-08,New Brookefort
514,Becky Esparza,Female,Child,2021-11-27,Allisonshire
515,Gary Morales,Male,Adult,2024-08-24,West Kathrynstad
516,Michael Guzman,Male,Adult,2025-10-08,Murphyville
517,Latoya Kelley,Male,Adult,2023-09-14,
518,Eric Dean,Female,Adult,2023-05-03,South Michael
519,Robert Spence,Female,Senior,2022-05-13,Markbury
520,George King,Other,Teen,2024-03-26,South Michael
521,Victoria Carter,Female,Senior,2024-08-22,North Michael
522,Richard Johnson,Male,Adult,2023-07-11,New Brookefort
523,Destiny Stevens,Male,Child,2022-03-20,West Susan
524,Bobby Stanley,Other,Child,2025-04-13,
525,Kelly Hernandez,Male,Adult,2023-11-27,New Brookefort
526,Ashley Bonilla,Female,Senior,2025-07-16,Port Michael
527,Gabrielle Gibson,Other,Child,2024-06-08,Allisonshire
528,Anna Kent,Other,Senior,2022-09-14,Mollyside
529,Elizabeth Alexander,Female,Senior,2025-05-26,Bryanmouth
530,Michelle Garcia,Female,Senior,2023-06-06,Markbury
531,April Hunter,Male,Teen,2022-11-25,Susanmouth
532,Steven Patel,Female,Adult,2022-05-20,
533,Hayden Williams,Male,Teen,2025-10-20,Barneschester
534,Mrs. Jessica Diaz MD,,Adult,2025-03-06,Markbury
535,William Miller,Other,Teen,2023-07-07,South Michael
536,Ethan Gillespie,Female,Teen,2023-10-23,North Michael
537,Randall Boyd,Other,Child,2023-06-12,New Matthew
538,Seth Davila,Female,Senior,2024-03-20,West Susan
539,Melissa Wang MD,Other,Senior,2022-08-14,North Michael
540,Amanda Castillo,Male,Adult,2025-03-25,Mollyside
541,Luke Robertson,Other,Teen,2024-10-27,North Michael
542,Danielle Wiggins,Female,Senior,2024-04-16,Port Michael
543,Cheryl Wang,Female,Child,2024-09-23,Port Michael
544,Frederick Owens,Male,Senior,2023-01-03,Allisonshire
545,Kelsey Mcconnell,Other,Child,2025-11-11,North Timothy
546,Alisha Flores,Other,Adult,2024-08-08,Allisonshire
547,Susan Miller,Male,Adult,2024-06-15,New Matthew
548,Brooke Simpson,Male,Adult,2022-04-29,Kurttown
549,Gregory Lewis,Male,Teen,2022-03-19,New Matthew
550,Kevin Weaver,Male,Adult,2025-09-27,Markbury
551,Robert Porter,Male,Adult,2025-10-05,New Brookefort
552,Susan Roy,Male,Adult,2022-09-12,West Susan
553,Melissa Alvarado,Other,Adult,2023-10-15,South Michael
554,Justin Johnson,Other,Adult,2024-10-22,Burnettburgh
555,Joshua Ramirez,Female,Adult,2023-07-03,Bryanmouth
556,Jonathan Arnold,Male,Senior,2025-03-16,Burnettburgh
557,Courtney Price,Other,Child,2025-01-17,Bryanmouth
558,Rachel Chambers,,Teen,2024-12-12,
559,Michael Coleman,Female,Adult,2022-04-11,Bryanmouth
560,Amanda Kent,Female,Adult,2022-10-13,Adammouth
561,Melissa Richards,Other,Adult,2025-09-16,South Michael
562,Bruce Barber,Male,Teen,2022-03-18,
563,James Romero,Female,Child,2022-04-11,Kurttown
564,Jonathan Hernandez,Other,Senior,2024-04-02,Bryanmouth
565,Hannah Fleming,Female,Adult,2025-05-22,Mollyside
566,Steven Hall,Male,Adult,2023-07-26,Burnettburgh
567,Catherine Wilcox,Female,Adult,2024-03-08,Markbury
568,Anne Bennett,Other,Child,2024-03-18,Hallbury
569,William Ingram,Female,Teen,2022-03-10,Mollyside
570,Michelle Osborn,Other,Adult,2025-08-15,South Michael
571,Daniel Krause,Male,Adult,2022-07-19,Murphyville
572,Cheryl Williams,Female,Teen,2023-04-02,New Brookefort
573,Amanda Wilson,Male,Adult,2024-04-10,North Timothy
574,Caroline Malone,Male,Child,2025-03-06,New Brookefort
575,Richard Daniel,Male,Senior,2024-08-06,Kurttown
576,Cheryl Garcia,Other,Child,2023-11-15,Barneschester
577,Andrew Perry,Other,Adult,2025-02-25,Burnettburgh
578,Linda Rios,Female,Adult,2022-01-16,
579,Jonathan Hunt,Male,Child,2025-03-21,Mollyside
580,Ruth Mason,Female,Adult,2022-04-03,Markbury
581,Chelsea Gonzalez,Female,Senior,2025-11-09,West Kathrynstad
582,Kevin Rogers,Other,Teen,2023-11-09,Burnettburgh
583,Matthew Leonard,Male,Teen,2023-02-16,Markbury
584,Brandon Nunez,Other,Adult,2023-09-06,Murphyville
585,Johnathan Fitzgerald,Female,Teen,2022-02-13,Port Michael
586,Michelle Weeks,Other,Adult,2024-08-09,North Timothy
587,Timothy Pearson,Male,Senior,2024-04-28,Mollyside
588,Elizabeth Hall,Female,Senior,2024-05-25,Port Michael
589,Cassandra Montoya,Other,Senior,2023-03-17,Markbury
590,Andrew Howell,Other,Adult,2025-05-03,South Michael
591,Patricia Peters,Other,Adult,2023-09-24,Kurttown
592,Timothy Yu,Female,Child,2022-04-19,Murphyville
593,Joanne Contreras,Male,Teen,2022-04-14,Susanmouth
594,Amy Rojas,Male,Adult,2024-09-08,Barneschester
595,Sarah Clark,Male,Adult,2024-04-28,Port Sandraside
596,Dennis Collins,Other,Adult,2024-10-05,Allisonshire
597,Joseph Luna,Female,Adult,2022-05-27,Barneschester
598,Kevin Burns,Other,Adult,2023-11-14,Barneschester
599,Katie Simmons,Female,Adult,2022-01-04,Port Sandraside
600,Claudia Walker,Male,Adult,2025-02-22,Allisonshire
